Date,T-48,T-47,T-46,T-45,T-44,T-43,T-42,T-41,T-40,T-39,T-38,T-37,T-36,T-35,T-34,T-33,T-32,T-31,T-30,T-29,T-28,T-27,T-26,T-25,T-24,T-23,T-22,T-21,T-20,T-19,T-18,T-17,T-16,T-15,T-14,T-13,T-12,T-11,T-10,T-9,T-8,T-7,T-6,T-5,T-4,T-3,T-2,T-1,window_statistic_12_std,difference_13_12-1,difference_statistic_3_1_abs_energy,tzero,Target_Tplus2
1968-01,2815.0,2672.0,2755.0,2721.0,2946.0,3036.0,2282.0,2212.0,2922.0,4301.0,5764.0,7312.0,2541.0,2475.0,3031.0,3266.0,3776.0,3230.0,3028.0,1759.0,3595.0,4474.0,6838.0,8357.0,3113.0,3006.0,4047.0,3523.0,3937.0,3986.0,3260.0,1573.0,3528.0,5211.0,7614.0,9254.0,5375.0,3088.0,3718.0,4514.0,4520.0,4539.0,3663.0,1643.0,4739.0,5428.0,8314.0,10651.0,2279.266292764699,-1742.0,54713893.0,3633,4154.0
1968-02,2672.0,2755.0,2721.0,2946.0,3036.0,2282.0,2212.0,2922.0,4301.0,5764.0,7312.0,2541.0,2475.0,3031.0,3266.0,3776.0,3230.0,3028.0,1759.0,3595.0,4474.0,6838.0,8357.0,3113.0,3006.0,4047.0,3523.0,3937.0,3986.0,3260.0,1573.0,3528.0,5211.0,7614.0,9254.0,5375.0,3088.0,3718.0,4514.0,4520.0,4539.0,3663.0,1643.0,4739.0,5428.0,8314.0,10651.0,3633.0,2307.0830368430366,1204.0,49686605.0,4292,4121.0
1968-03,2755.0,2721.0,2946.0,3036.0,2282.0,2212.0,2922.0,4301.0,5764.0,7312.0,2541.0,2475.0,3031.0,3266.0,3776.0,3230.0,3028.0,1759.0,3595.0,4474.0,6838.0,8357.0,3113.0,3006.0,4047.0,3523.0,3937.0,3986.0,3260.0,1573.0,3528.0,5211.0,7614.0,9254.0,5375.0,3088.0,3718.0,4514.0,4520.0,4539.0,3663.0,1643.0,4739.0,5428.0,8314.0,10651.0,3633.0,4292.0,2252.911776395654,436.0,453325.0,4154,4647.0
1968-04,2721.0,2946.0,3036.0,2282.0,2212.0,2922.0,4301.0,5764.0,7312.0,2541.0,2475.0,3031.0,3266.0,3776.0,3230.0,3028.0,1759.0,3595.0,4474.0,6838.0,8357.0,3113.0,3006.0,4047.0,3523.0,3937.0,3986.0,3260.0,1573.0,3528.0,5211.0,7614.0,9254.0,5375.0,3088.0,3718.0,4514.0,4520.0,4539.0,3663.0,1643.0,4739.0,5428.0,8314.0,10651.0,3633.0,4292.0,4154.0,2235.8598457864036,-393.0,20133.0,4121,4753.0
1968-05,2946.0,3036.0,2282.0,2212.0,2922.0,4301.0,5764.0,7312.0,2541.0,2475.0,3031.0,3266.0,3776.0,3230.0,3028.0,1759.0,3595.0,4474.0,6838.0,8357.0,3113.0,3006.0,4047.0,3523.0,3937.0,3986.0,3260.0,1573.0,3528.0,5211.0,7614.0,9254.0,5375.0,3088.0,3718.0,4514.0,4520.0,4539.0,3663.0,1643.0,4739.0,5428.0,8314.0,10651.0,3633.0,4292.0,4154.0,4121.0,2245.7051648647025,127.0,277765.0,4647,3965.0
1968-06,3036.0,2282.0,2212.0,2922.0,4301.0,5764.0,7312.0,2541.0,2475.0,3031.0,3266.0,3776.0,3230.0,3028.0,1759.0,3595.0,4474.0,6838.0,8357.0,3113.0,3006.0,4047.0,3523.0,3937.0,3986.0,3260.0,1573.0,3528.0,5211.0,7614.0,9254.0,5375.0,3088.0,3718.0,4514.0,4520.0,4539.0,3663.0,1643.0,4739.0,5428.0,8314.0,10651.0,3633.0,4292.0,4154.0,4121.0,4647.0,2243.835604990308,214.0,287912.0,4753,1723.0
1968-07,2282.0,2212.0,2922.0,4301.0,5764.0,7312.0,2541.0,2475.0,3031.0,3266.0,3776.0,3230.0,3028.0,1759.0,3595.0,4474.0,6838.0,8357.0,3113.0,3006.0,4047.0,3523.0,3937.0,3986.0,3260.0,1573.0,3528.0,5211.0,7614.0,9254.0,5375.0,3088.0,3718.0,4514.0,4520.0,4539.0,3663.0,1643.0,4739.0,5428.0,8314.0,10651.0,3633.0,4292.0,4154.0,4121.0,4647.0,4753.0,2241.0661091443853,302.0,632180.0,3965,5048.0
1968-08,2212.0,2922.0,4301.0,5764.0,7312.0,2541.0,2475.0,3031.0,3266.0,3776.0,3230.0,3028.0,1759.0,3595.0,4474.0,6838.0,8357.0,3113.0,3006.0,4047.0,3523.0,3937.0,3986.0,3260.0,1573.0,3528.0,5211.0,7614.0,9254.0,5375.0,3088.0,3718.0,4514.0,4520.0,4539.0,3663.0,1643.0,4739.0,5428.0,8314.0,10651.0,3633.0,4292.0,4154.0,4121.0,4647.0,4753.0,3965.0,2227.5298476613557,80.0,5647508.0,1723,6922.0
1968-09,2922.0,4301.0,5764.0,7312.0,2541.0,2475.0,3031.0,3266.0,3776.0,3230.0,3028.0,1759.0,3595.0,4474.0,6838.0,8357.0,3113.0,3006.0,4047.0,3523.0,3937.0,3986.0,3260.0,1573.0,3528.0,5211.0,7614.0,9254.0,5375.0,3088.0,3718.0,4514.0,4520.0,4539.0,3663.0,1643.0,4739.0,5428.0,8314.0,10651.0,3633.0,4292.0,4154.0,4121.0,4647.0,4753.0,3965.0,1723.0,2217.485137116669,309.0,16082189.0,5048,9858.0
1968-10,4301.0,5764.0,7312.0,2541.0,2475.0,3031.0,3266.0,3776.0,3230.0,3028.0,1759.0,3595.0,4474.0,6838.0,8357.0,3113.0,3006.0,4047.0,3523.0,3937.0,3986.0,3260.0,1573.0,3528.0,5211.0,7614.0,9254.0,5375.0,3088.0,3718.0,4514.0,4520.0,4539.0,3663.0,1643.0,4739.0,5428.0,8314.0,10651.0,3633.0,4292.0,4154.0,4121.0,4647.0,4753.0,3965.0,1723.0,5048.0,2215.6917702679975,1494.0,14567501.0,6922,11331.0
1968-11,5764.0,7312.0,2541.0,2475.0,3031.0,3266.0,3776.0,3230.0,3028.0,1759.0,3595.0,4474.0,6838.0,8357.0,3113.0,3006.0,4047.0,3523.0,3937.0,3986.0,3260.0,1573.0,3528.0,5211.0,7614.0,9254.0,5375.0,3088.0,3718.0,4514.0,4520.0,4539.0,3663.0,1643.0,4739.0,5428.0,8314.0,10651.0,3633.0,4292.0,4154.0,4121.0,4647.0,4753.0,3965.0,1723.0,5048.0,6922.0,2274.035624354494,1544.0,12131972.0,9858,4016.0
1968-12,7312.0,2541.0,2475.0,3031.0,3266.0,3776.0,3230.0,3028.0,1759.0,3595.0,4474.0,6838.0,8357.0,3113.0,3006.0,4047.0,3523.0,3937.0,3986.0,3260.0,1573.0,3528.0,5211.0,7614.0,9254.0,5375.0,3088.0,3718.0,4514.0,4520.0,4539.0,3663.0,1643.0,4739.0,5428.0,8314.0,10651.0,3633.0,4292.0,4154.0,4121.0,4647.0,4753.0,3965.0,1723.0,5048.0,6922.0,9858.0,2481.6276734680046,680.0,10789825.0,11331,3957.0
1969-01,2541.0,2475.0,3031.0,3266.0,3776.0,3230.0,3028.0,1759.0,3595.0,4474.0,6838.0,8357.0,3113.0,3006.0,4047.0,3523.0,3937.0,3986.0,3260.0,1573.0,3528.0,5211.0,7614.0,9254.0,5375.0,3088.0,3718.0,4514.0,4520.0,4539.0,3663.0,1643.0,4739.0,5428.0,8314.0,10651.0,3633.0,4292.0,4154.0,4121.0,4647.0,4753.0,3965.0,1723.0,5048.0,6922.0,9858.0,11331.0,2607.4254689998115,383.0,55678954.0,4016,4510.0
1969-02,2475.0,3031.0,3266.0,3776.0,3230.0,3028.0,1759.0,3595.0,4474.0,6838.0,8357.0,3113.0,3006.0,4047.0,3523.0,3937.0,3986.0,3260.0,1573.0,3528.0,5211.0,7614.0,9254.0,5375.0,3088.0,3718.0,4514.0,4520.0,4539.0,3663.0,1643.0,4739.0,5428.0,8314.0,10651.0,3633.0,4292.0,4154.0,4121.0,4647.0,4753.0,3965.0,1723.0,5048.0,6922.0,9858.0,11331.0,4016.0,2588.234388535938,-335.0,53512706.0,3957,4276.0
1969-03,3031.0,3266.0,3776.0,3230.0,3028.0,1759.0,3595.0,4474.0,6838.0,8357.0,3113.0,3006.0,4047.0,3523.0,3937.0,3986.0,3260.0,1573.0,3528.0,5211.0,7614.0,9254.0,5375.0,3088.0,3718.0,4514.0,4520.0,4539.0,3663.0,1643.0,4739.0,5428.0,8314.0,10651.0,3633.0,4292.0,4154.0,4121.0,4647.0,4753.0,3965.0,1723.0,5048.0,6922.0,9858.0,11331.0,4016.0,3957.0,2601.832606014888,356.0,309290.0,4510,4968.0
1969-04,3266.0,3776.0,3230.0,3028.0,1759.0,3595.0,4474.0,6838.0,8357.0,3113.0,3006.0,4047.0,3523.0,3937.0,3986.0,3260.0,1573.0,3528.0,5211.0,7614.0,9254.0,5375.0,3088.0,3718.0,4514.0,4520.0,4539.0,3663.0,1643.0,4739.0,5428.0,8314.0,10651.0,3633.0,4292.0,4154.0,4121.0,4647.0,4753.0,3965.0,1723.0,5048.0,6922.0,9858.0,11331.0,4016.0,3957.0,4510.0,2589.7476429503063,155.0,360565.0,4276,4677.0
1969-05,3776.0,3230.0,3028.0,1759.0,3595.0,4474.0,6838.0,8357.0,3113.0,3006.0,4047.0,3523.0,3937.0,3986.0,3260.0,1573.0,3528.0,5211.0,7614.0,9254.0,5375.0,3088.0,3718.0,4514.0,4520.0,4539.0,3663.0,1643.0,4739.0,5428.0,8314.0,10651.0,3633.0,4292.0,4154.0,4121.0,4647.0,4753.0,3965.0,1723.0,5048.0,6922.0,9858.0,11331.0,4016.0,3957.0,4510.0,4276.0,2583.694539263924,321.0,533620.0,4968,3523.0
1969-06,3230.0,3028.0,1759.0,3595.0,4474.0,6838.0,8357.0,3113.0,3006.0,4047.0,3523.0,3937.0,3986.0,3260.0,1573.0,3528.0,5211.0,7614.0,9254.0,5375.0,3088.0,3718.0,4514.0,4520.0,4539.0,3663.0,1643.0,4739.0,5428.0,8314.0,10651.0,3633.0,4292.0,4154.0,4121.0,4647.0,4753.0,3965.0,1723.0,5048.0,6922.0,9858.0,11331.0,4016.0,3957.0,4510.0,4276.0,4968.0,2577.235872607619,-76.0,563545.0,4677,1821.0
1969-07,3028.0,1759.0,3595.0,4474.0,6838.0,8357.0,3113.0,3006.0,4047.0,3523.0,3937.0,3986.0,3260.0,1573.0,3528.0,5211.0,7614.0,9254.0,5375.0,3088.0,3718.0,4514.0,4520.0,4539.0,3663.0,1643.0,4739.0,5428.0,8314.0,10651.0,3633.0,4292.0,4154.0,4121.0,4647.0,4753.0,3965.0,1723.0,5048.0,6922.0,9858.0,11331.0,4016.0,3957.0,4510.0,4276.0,4968.0,4677.0,2579.0187235436833,-442.0,1416397.0,3523,5222.0
1969-08,1759.0,3595.0,4474.0,6838.0,8357.0,3113.0,3006.0,4047.0,3523.0,3937.0,3986.0,3260.0,1573.0,3528.0,5211.0,7614.0,9254.0,5375.0,3088.0,3718.0,4514.0,4520.0,4539.0,3663.0,1643.0,4739.0,5428.0,8314.0,10651.0,3633.0,4292.0,4154.0,4121.0,4647.0,4753.0,3965.0,1723.0,5048.0,6922.0,9858.0,11331.0,4016.0,3957.0,4510.0,4276.0,4968.0,4677.0,3523.0,2602.8333640157093,98.0,4228520.0,1821,6872.0
1969-09,3595.0,4474.0,6838.0,8357.0,3113.0,3006.0,4047.0,3523.0,3937.0,3986.0,3260.0,1573.0,3528.0,5211.0,7614.0,9254.0,5375.0,3088.0,3718.0,4514.0,4520.0,4539.0,3663.0,1643.0,4739.0,5428.0,8314.0,10651.0,3633.0,4292.0,4154.0,4121.0,4647.0,4753.0,3965.0,1723.0,5048.0,6922.0,9858.0,11331.0,4016.0,3957.0,4510.0,4276.0,4968.0,4677.0,3523.0,1821.0,2591.409894836314,174.0,14463605.0,5222,10803.0
1969-10,4474.0,6838.0,8357.0,3113.0,3006.0,4047.0,3523.0,3937.0,3986.0,3260.0,1573.0,3528.0,5211.0,7614.0,9254.0,5375.0,3088.0,3718.0,4514.0,4520.0,4539.0,3663.0,1643.0,4739.0,5428.0,8314.0,10651.0,3633.0,4292.0,4154.0,4121.0,4647.0,4753.0,3965.0,1723.0,5048.0,6922.0,9858.0,11331.0,4016.0,3957.0,4510.0,4276.0,4968.0,4677.0,3523.0,1821.0,5222.0,2589.836174301807,-50.0,14289301.0,6872,13916.0
1969-11,6838.0,8357.0,3113.0,3006.0,4047.0,3523.0,3937.0,3986.0,3260.0,1573.0,3528.0,5211.0,7614.0,9254.0,5375.0,3088.0,3718.0,4514.0,4520.0,4539.0,3663.0,1643.0,4739.0,5428.0,8314.0,10651.0,3633.0,4292.0,4154.0,4121.0,4647.0,4753.0,3965.0,1723.0,5048.0,6922.0,9858.0,11331.0,4016.0,3957.0,4510.0,4276.0,4968.0,4677.0,3523.0,1821.0,5222.0,6872.0,2587.4609538116706,945.0,18175261.0,10803,2639.0
1969-12,8357.0,3113.0,3006.0,4047.0,3523.0,3937.0,3986.0,3260.0,1573.0,3528.0,5211.0,7614.0,9254.0,5375.0,3088.0,3718.0,4514.0,4520.0,4539.0,3663.0,1643.0,4739.0,5428.0,8314.0,10651.0,3633.0,4292.0,4154.0,4121.0,4647.0,4753.0,3965.0,1723.0,5048.0,6922.0,9858.0,11331.0,4016.0,3957.0,4510.0,4276.0,4968.0,4677.0,3523.0,1821.0,5222.0,6872.0,10803.0,2731.7164018250505,2585.0,25143530.0,13916,2899.0
1970-01,3113.0,3006.0,4047.0,3523.0,3937.0,3986.0,3260.0,1573.0,3528.0,5211.0,7614.0,9254.0,5375.0,3088.0,3718.0,4514.0,4520.0,4539.0,3663.0,1643.0,4739.0,5428.0,8314.0,10651.0,3633.0,4292.0,4154.0,4121.0,4647.0,4753.0,3965.0,1723.0,5048.0,6922.0,9858.0,11331.0,4016.0,3957.0,4510.0,4276.0,4968.0,4677.0,3523.0,1821.0,5222.0,6872.0,10803.0,13916.0,3238.1743431120085,-1377.0,136861498.0,2639,3370.0
1970-02,3006.0,4047.0,3523.0,3937.0,3986.0,3260.0,1573.0,3528.0,5211.0,7614.0,9254.0,5375.0,3088.0,3718.0,4514.0,4520.0,4539.0,3663.0,1643.0,4739.0,5428.0,8314.0,10651.0,3633.0,4292.0,4154.0,4121.0,4647.0,4753.0,3965.0,1723.0,5048.0,6922.0,9858.0,11331.0,4016.0,3957.0,4510.0,4276.0,4968.0,4677.0,3523.0,1821.0,5222.0,6872.0,10803.0,13916.0,2639.0,3319.664650064655,-1058.0,127238329.0,2899,3740.0
1970-03,4047.0,3523.0,3937.0,3986.0,3260.0,1573.0,3528.0,5211.0,7614.0,9254.0,5375.0,3088.0,3718.0,4514.0,4520.0,4539.0,3663.0,1643.0,4739.0,5428.0,8314.0,10651.0,3633.0,4292.0,4154.0,4121.0,4647.0,4753.0,3965.0,1723.0,5048.0,6922.0,9858.0,11331.0,4016.0,3957.0,4510.0,4276.0,4968.0,4677.0,3523.0,1821.0,5222.0,6872.0,10803.0,13916.0,2639.0,2899.0,3375.6719207687624,-1140.0,289441.0,3370,2927.0
1970-04,3523.0,3937.0,3986.0,3260.0,1573.0,3528.0,5211.0,7614.0,9254.0,5375.0,3088.0,3718.0,4514.0,4520.0,4539.0,3663.0,1643.0,4739.0,5428.0,8314.0,10651.0,3633.0,4292.0,4154.0,4121.0,4647.0,4753.0,3965.0,1723.0,5048.0,6922.0,9858.0,11331.0,4016.0,3957.0,4510.0,4276.0,4968.0,4677.0,3523.0,1821.0,5222.0,6872.0,10803.0,13916.0,2639.0,2899.0,3370.0,3418.264313458903,-536.0,358741.0,3740,3986.0
1970-05,3937.0,3986.0,3260.0,1573.0,3528.0,5211.0,7614.0,9254.0,5375.0,3088.0,3718.0,4514.0,4520.0,4539.0,3663.0,1643.0,4739.0,5428.0,8314.0,10651.0,3633.0,4292.0,4154.0,4121.0,4647.0,4753.0,3965.0,1723.0,5048.0,6922.0,9858.0,11331.0,4016.0,3957.0,4510.0,4276.0,4968.0,4677.0,3523.0,1821.0,5222.0,6872.0,10803.0,13916.0,2639.0,2899.0,3370.0,3740.0,3436.316701385689,-2041.0,797869.0,2927,4217.0
1970-06,3986.0,3260.0,1573.0,3528.0,5211.0,7614.0,9254.0,5375.0,3088.0,3718.0,4514.0,4520.0,4539.0,3663.0,1643.0,4739.0,5428.0,8314.0,10651.0,3633.0,4292.0,4154.0,4121.0,4647.0,4753.0,3965.0,1723.0,5048.0,6922.0,9858.0,11331.0,4016.0,3957.0,4510.0,4276.0,4968.0,4677.0,3523.0,1821.0,5222.0,6872.0,10803.0,13916.0,2639.0,2899.0,3370.0,3740.0,2927.0,3501.9301374384954,-691.0,1782450.0,3986,1738.0
1970-07,3260.0,1573.0,3528.0,5211.0,7614.0,9254.0,5375.0,3088.0,3718.0,4514.0,4520.0,4539.0,3663.0,1643.0,4739.0,5428.0,8314.0,10651.0,3633.0,4292.0,4154.0,4121.0,4647.0,4753.0,3965.0,1723.0,5048.0,6922.0,9858.0,11331.0,4016.0,3957.0,4510.0,4276.0,4968.0,4677.0,3523.0,1821.0,5222.0,6872.0,10803.0,13916.0,2639.0,2899.0,3370.0,3740.0,2927.0,3986.0,3515.7228946864147,694.0,1174842.0,4217,5221.0
1970-08,1573.0,3528.0,5211.0,7614.0,9254.0,5375.0,3088.0,3718.0,4514.0,4520.0,4539.0,3663.0,1643.0,4739.0,5428.0,8314.0,10651.0,3633.0,4292.0,4154.0,4121.0,4647.0,4753.0,3965.0,1723.0,5048.0,6922.0,9858.0,11331.0,4016.0,3957.0,4510.0,4276.0,4968.0,4677.0,3523.0,1821.0,5222.0,6872.0,10803.0,13916.0,2639.0,2899.0,3370.0,3740.0,2927.0,3986.0,4217.0,3494.238090533233,-83.0,6198802.0,1738,6424.0
1970-09,3528.0,5211.0,7614.0,9254.0,5375.0,3088.0,3718.0,4514.0,4520.0,4539.0,3663.0,1643.0,4739.0,5428.0,8314.0,10651.0,3633.0,4292.0,4154.0,4121.0,4647.0,4753.0,3965.0,1723.0,5048.0,6922.0,9858.0,11331.0,4016.0,3957.0,4510.0,4276.0,4968.0,4677.0,3523.0,1821.0,5222.0,6872.0,10803.0,13916.0,2639.0,2899.0,3370.0,3740.0,2927.0,3986.0,4217.0,1738.0,3500.9973926090775,-1.0,18276730.0,5221,9842.0
1970-10,5211.0,7614.0,9254.0,5375.0,3088.0,3718.0,4514.0,4520.0,4539.0,3663.0,1643.0,4739.0,5428.0,8314.0,10651.0,3633.0,4292.0,4154.0,4121.0,4647.0,4753.0,3965.0,1723.0,5048.0,6922.0,9858.0,11331.0,4016.0,3957.0,4510.0,4276.0,4968.0,4677.0,3523.0,1821.0,5222.0,6872.0,10803.0,13916.0,2639.0,2899.0,3370.0,3740.0,2927.0,3986.0,4217.0,1738.0,5221.0,3500.996739025426,-448.0,13578498.0,6424,13076.0
1970-11,7614.0,9254.0,5375.0,3088.0,3718.0,4514.0,4520.0,4539.0,3663.0,1643.0,4739.0,5428.0,8314.0,10651.0,3633.0,4292.0,4154.0,4121.0,4647.0,4753.0,3965.0,1723.0,5048.0,6922.0,9858.0,11331.0,4016.0,3957.0,4510.0,4276.0,4968.0,4677.0,3523.0,1821.0,5222.0,6872.0,10803.0,13916.0,2639.0,2899.0,3370.0,3740.0,2927.0,3986.0,4217.0,1738.0,5221.0,6424.0,3485.257387275086,-961.0,13129933.0,9842,3934.0
1970-12,9254.0,5375.0,3088.0,3718.0,4514.0,4520.0,4539.0,3663.0,1643.0,4739.0,5428.0,8314.0,10651.0,3633.0,4292.0,4154.0,4121.0,4647.0,4753.0,3965.0,1723.0,5048.0,6922.0,9858.0,11331.0,4016.0,3957.0,4510.0,4276.0,4968.0,4677.0,3523.0,1821.0,5222.0,6872.0,10803.0,13916.0,2639.0,2899.0,3370.0,3740.0,2927.0,3986.0,4217.0,1738.0,5221.0,6424.0,9842.0,3363.511767442211,-840.0,22141480.0,13076,3162.0
1971-01,5375.0,3088.0,3718.0,4514.0,4520.0,4539.0,3663.0,1643.0,4739.0,5428.0,8314.0,10651.0,3633.0,4292.0,4154.0,4121.0,4647.0,4753.0,3965.0,1723.0,5048.0,6922.0,9858.0,11331.0,4016.0,3957.0,4510.0,4276.0,4968.0,4677.0,3523.0,1821.0,5222.0,6872.0,10803.0,13916.0,2639.0,2899.0,3370.0,3740.0,2927.0,3986.0,4217.0,1738.0,5221.0,6424.0,9842.0,13076.0,3182.7021658315575,1295.0,94034920.0,3934,4286.0
1971-02,3088.0,3718.0,4514.0,4520.0,4539.0,3663.0,1643.0,4739.0,5428.0,8314.0,10651.0,3633.0,4292.0,4154.0,4121.0,4647.0,4753.0,3965.0,1723.0,5048.0,6922.0,9858.0,11331.0,4016.0,3957.0,4510.0,4276.0,4968.0,4677.0,3523.0,1821.0,5222.0,6872.0,10803.0,13916.0,2639.0,2899.0,3370.0,3740.0,2927.0,3986.0,4217.0,1738.0,5221.0,6424.0,9842.0,13076.0,3934.0,3121.96985091144,263.0,84172148.0,3162,4676.0
1971-03,3718.0,4514.0,4520.0,4539.0,3663.0,1643.0,4739.0,5428.0,8314.0,10651.0,3633.0,4292.0,4154.0,4121.0,4647.0,4753.0,3965.0,1723.0,5048.0,6922.0,9858.0,11331.0,4016.0,3957.0,4510.0,4276.0,4968.0,4677.0,3523.0,1821.0,5222.0,6872.0,10803.0,13916.0,2639.0,2899.0,3370.0,3740.0,2927.0,3986.0,4217.0,1738.0,5221.0,6424.0,9842.0,13076.0,3934.0,3162.0,3107.228144674213,916.0,1859360.0,4286,5010.0
1971-04,4514.0,4520.0,4539.0,3663.0,1643.0,4739.0,5428.0,8314.0,10651.0,3633.0,4292.0,4154.0,4121.0,4647.0,4753.0,3965.0,1723.0,5048.0,6922.0,9858.0,11331.0,4016.0,3957.0,4510.0,4276.0,4968.0,4677.0,3523.0,1821.0,5222.0,6872.0,10803.0,13916.0,2639.0,2899.0,3370.0,3740.0,2927.0,3986.0,4217.0,1738.0,5221.0,6424.0,9842.0,13076.0,3934.0,3162.0,4286.0,3073.9694784051885,936.0,1415476.0,4676,4874.0
1971-05,4520.0,4539.0,3663.0,1643.0,4739.0,5428.0,8314.0,10651.0,3633.0,4292.0,4154.0,4121.0,4647.0,4753.0,3965.0,1723.0,5048.0,6922.0,9858.0,11331.0,4016.0,3957.0,4510.0,4276.0,4968.0,4677.0,3523.0,1821.0,5222.0,6872.0,10803.0,13916.0,2639.0,2899.0,3370.0,3740.0,2927.0,3986.0,4217.0,1738.0,5221.0,6424.0,9842.0,13076.0,3934.0,3162.0,4286.0,4676.0,3047.369907669016,2083.0,263656.0,5010,4633.0
1971-06,4539.0,3663.0,1643.0,4739.0,5428.0,8314.0,10651.0,3633.0,4292.0,4154.0,4121.0,4647.0,4753.0,3965.0,1723.0,5048.0,6922.0,9858.0,11331.0,4016.0,3957.0,4510.0,4276.0,4968.0,4677.0,3523.0,1821.0,5222.0,6872.0,10803.0,13916.0,2639.0,2899.0,3370.0,3740.0,2927.0,3986.0,4217.0,1738.0,5221.0,6424.0,9842.0,13076.0,3934.0,3162.0,4286.0,4676.0,5010.0,2966.022767201148,888.0,130052.0,4874,1659.0
1971-07,3663.0,1643.0,4739.0,5428.0,8314.0,10651.0,3633.0,4292.0,4154.0,4121.0,4647.0,4753.0,3965.0,1723.0,5048.0,6922.0,9858.0,11331.0,4016.0,3957.0,4510.0,4276.0,4968.0,4677.0,3523.0,1821.0,5222.0,6872.0,10803.0,13916.0,2639.0,2899.0,3370.0,3740.0,2927.0,3986.0,4217.0,1738.0,5221.0,6424.0,9842.0,13076.0,3934.0,3162.0,4286.0,4676.0,5010.0,4874.0,2939.172285222869,416.0,76577.0,4633,5951.0
1971-08,1643.0,4739.0,5428.0,8314.0,10651.0,3633.0,4292.0,4154.0,4121.0,4647.0,4753.0,3965.0,1723.0,5048.0,6922.0,9858.0,11331.0,4016.0,3957.0,4510.0,4276.0,4968.0,4677.0,3523.0,1821.0,5222.0,6872.0,10803.0,13916.0,2639.0,2899.0,3370.0,3740.0,2927.0,3986.0,4217.0,1738.0,5221.0,6424.0,9842.0,13076.0,3934.0,3162.0,4286.0,4676.0,5010.0,4874.0,4633.0,2925.8060143032953,-79.0,8902757.0,1659,6981.0
1971-09,4739.0,5428.0,8314.0,10651.0,3633.0,4292.0,4154.0,4121.0,4647.0,4753.0,3965.0,1723.0,5048.0,6922.0,9858.0,11331.0,4016.0,3957.0,4510.0,4276.0,4968.0,4677.0,3523.0,1821.0,5222.0,6872.0,10803.0,13916.0,2639.0,2899.0,3370.0,3740.0,2927.0,3986.0,4217.0,1738.0,5221.0,6424.0,9842.0,13076.0,3934.0,3162.0,4286.0,4676.0,5010.0,4874.0,4633.0,1659.0,2934.5036621302,730.0,27265940.0,5951,9851.0
1971-10,5428.0,8314.0,10651.0,3633.0,4292.0,4154.0,4121.0,4647.0,4753.0,3965.0,1723.0,5048.0,6922.0,9858.0,11331.0,4016.0,3957.0,4510.0,4276.0,4968.0,4677.0,3523.0,1821.0,5222.0,6872.0,10803.0,13916.0,2639.0,2899.0,3370.0,3740.0,2927.0,3986.0,4217.0,1738.0,5221.0,6424.0,9842.0,13076.0,3934.0,3162.0,4286.0,4676.0,5010.0,4874.0,4633.0,1659.0,5951.0,2934.2790745769225,557.0,19482164.0,6981,12670.0
1971-11,8314.0,10651.0,3633.0,4292.0,4154.0,4121.0,4647.0,4753.0,3965.0,1723.0,5048.0,6922.0,9858.0,11331.0,4016.0,3957.0,4510.0,4276.0,4968.0,4677.0,3523.0,1821.0,5222.0,6872.0,10803.0,13916.0,2639.0,2899.0,3370.0,3740.0,2927.0,3986.0,4217.0,1738.0,5221.0,6424.0,9842.0,13076.0,3934.0,3162.0,4286.0,4676.0,5010.0,4874.0,4633.0,1659.0,5951.0,6981.0,2950.8741454393175,9.0,9297800.0,9851,4348.0
1971-12,10651.0,3633.0,4292.0,4154.0,4121.0,4647.0,4753.0,3965.0,1723.0,5048.0,6922.0,9858.0,11331.0,4016.0,3957.0,4510.0,4276.0,4968.0,4677.0,3523.0,1821.0,5222.0,6872.0,10803.0,13916.0,2639.0,2899.0,3370.0,3740.0,2927.0,3986.0,4217.0,1738.0,5221.0,6424.0,9842.0,13076.0,3934.0,3162.0,4286.0,4676.0,5010.0,4874.0,4633.0,1659.0,5951.0,6981.0,9851.0,2951.9344352004537,-406.0,16183661.0,12670,3564.0
1972-01,3633.0,4292.0,4154.0,4121.0,4647.0,4753.0,3965.0,1723.0,5048.0,6922.0,9858.0,11331.0,4016.0,3957.0,4510.0,4276.0,4968.0,4677.0,3523.0,1821.0,5222.0,6872.0,10803.0,13916.0,2639.0,2899.0,3370.0,3740.0,2927.0,3986.0,4217.0,1738.0,5221.0,6424.0,9842.0,13076.0,3934.0,3162.0,4286.0,4676.0,5010.0,4874.0,4633.0,1659.0,5951.0,6981.0,9851.0,12670.0,2868.0425513560444,414.0,77202445.0,4348,4577.0
1972-02,4292.0,4154.0,4121.0,4647.0,4753.0,3965.0,1723.0,5048.0,6922.0,9858.0,11331.0,4016.0,3957.0,4510.0,4276.0,4968.0,4677.0,3523.0,1821.0,5222.0,6872.0,10803.0,13916.0,2639.0,2899.0,3370.0,3740.0,2927.0,3986.0,4217.0,1738.0,5221.0,6424.0,9842.0,13076.0,3934.0,3162.0,4286.0,4676.0,5010.0,4874.0,4633.0,1659.0,5951.0,6981.0,9851.0,12670.0,4348.0,2849.7379838134048,402.0,69870340.0,3564,4788.0
1972-03,4154.0,4121.0,4647.0,4753.0,3965.0,1723.0,5048.0,6922.0,9858.0,11331.0,4016.0,3957.0,4510.0,4276.0,4968.0,4677.0,3523.0,1821.0,5222.0,6872.0,10803.0,13916.0,2639.0,2899.0,3370.0,3740.0,2927.0,3986.0,4217.0,1738.0,5221.0,6424.0,9842.0,13076.0,3934.0,3162.0,4286.0,4676.0,5010.0,4874.0,4633.0,1659.0,5951.0,6981.0,9851.0,12670.0,4348.0,3564.0,2822.2286836922967,291.0,1640825.0,4577,4618.0
1972-04,4121.0,4647.0,4753.0,3965.0,1723.0,5048.0,6922.0,9858.0,11331.0,4016.0,3957.0,4510.0,4276.0,4968.0,4677.0,3523.0,1821.0,5222.0,6872.0,10803.0,13916.0,2639.0,2899.0,3370.0,3740.0,2927.0,3986.0,4217.0,1738.0,5221.0,6424.0,9842.0,13076.0,3934.0,3162.0,4286.0,4676.0,5010.0,4874.0,4633.0,1659.0,5951.0,6981.0,9851.0,12670.0,4348.0,3564.0,4577.0,2811.1293351407526,112.0,1070690.0,4788,5312.0
1972-05,4647.0,4753.0,3965.0,1723.0,5048.0,6922.0,9858.0,11331.0,4016.0,3957.0,4510.0,4276.0,4968.0,4677.0,3523.0,1821.0,5222.0,6872.0,10803.0,13916.0,2639.0,2899.0,3370.0,3740.0,2927.0,3986.0,4217.0,1738.0,5221.0,6424.0,9842.0,13076.0,3934.0,3162.0,4286.0,4676.0,5010.0,4874.0,4633.0,1659.0,5951.0,6981.0,9851.0,12670.0,4348.0,3564.0,4577.0,4788.0,2807.7889531721494,-392.0,73421.0,4618,4298.0
1972-06,4753.0,3965.0,1723.0,5048.0,6922.0,9858.0,11331.0,4016.0,3957.0,4510.0,4276.0,4968.0,4677.0,3523.0,1821.0,5222.0,6872.0,10803.0,13916.0,2639.0,2899.0,3370.0,3740.0,2927.0,3986.0,4217.0,1738.0,5221.0,6424.0,9842.0,13076.0,3934.0,3162.0,4286.0,4676.0,5010.0,4874.0,4633.0,1659.0,5951.0,6981.0,9851.0,12670.0,4348.0,3564.0,4577.0,4788.0,4618.0,2818.3775326713535,438.0,510536.0,5312,1413.0
1972-07,3965.0,1723.0,5048.0,6922.0,9858.0,11331.0,4016.0,3957.0,4510.0,4276.0,4968.0,4677.0,3523.0,1821.0,5222.0,6872.0,10803.0,13916.0,2639.0,2899.0,3370.0,3740.0,2927.0,3986.0,4217.0,1738.0,5221.0,6424.0,9842.0,13076.0,3934.0,3162.0,4286.0,4676.0,5010.0,4874.0,4633.0,1659.0,5951.0,6981.0,9851.0,12670.0,4348.0,3564.0,4577.0,4788.0,4618.0,5312.0,2810.145043706226,-335.0,1509832.0,4298,5877.0
